{
    "0": "0",
    "1": "1",
    "2": "2",
    "3": "3",
    "4": "4",
    "5": "5",
    "6": "6",
    "7": "7",
    "8": "8",
    "9": "9",
    "Restart": "Neustart",
    "Pause": "Pause",
    "Play": "Spielen",
    "Save State": "Zustand speichern",
    "Load State": "Zustand laden",
    "Control Settings": "Steuerung",
    "Cheats": "Cheats",
    "Cache Manager": "Cache-Manager",
    "Export Save File": "Speicherstand exportieren",
    "Import Save File": "Speicherstand importieren",
    "Netplay": "Onlinespiel",
    "Mute": "Stumm",
    "Unmute": "Stummschaltung aufheben",
    "Settings": "Einstellungen",
    "Enter Fullscreen": "Vollbildmodus aktivieren",
    "Exit Fullscreen": "Vollbildmodus verlassen",
    "Reset": "Zurücksetzen",
    "Clear": "Löschen",
    "Close": "Schließen",
    "QUICK SAVE STATE": "SCHNELLSPEICHERN",
    "QUICK LOAD STATE": "SCHNELLLADEN",
    "CHANGE STATE SLOT": "STATUS-SLOT ÄNDERN",
    "FAST FORWARD": "VORSPULEN",
    "Player": "Spieler",
    "Connected Gamepad": "Verbundenes Gamepad",
    "Gamepad": "Gamepad",
    "Keyboard": "Tastatur",
    "Set": "Setzen",
    "Add Cheat": "Cheat hinzufügen",
    "Create a Room": "Raum erstellen",
    "Rooms": "Räume",
    "Start Game": "Spiel beginnen",
    "Loading...": "Wird geladen...",
    "Download Game Core": "Game Core herunterladen",
    "Decompress Game Core": "Game Core entpacken",
    "Download Game Data": "Spieldaten herunterladen",
    "Decompress Game Data": "Spieldaten entpacken",
    "Shaders": "Shader",
    "Disabled": "Deaktiviert",
    "2xScaleHQ": "2xScaleHQ",
    "4xScaleHQ": "4xScaleHQ",
    "CRT easymode": "CRT-Easymode",
    "CRT aperture": "CRT-Blende",
    "CRT geom": "CRT-geom",
    "CRT mattias": "CRT Mattias",
    "FPS": "FPS",
    "show": "zeigen",
    "hide": "verstecken",
    "Fast Forward Ratio": "Vorspulgeschwindigkeit",
    "Fast Forward": "Vorspulen",
    "Enabled": "Aktiviert",
    "Save State Slot": "Speicherplatz",
    "Save State Location": "Speicherort",
    "Download": "Herunterladen",
    "Keep in Browser": "Im Browser behalten",
    "Auto": "Auto",
    "NTSC": "NTSC",
    "PAL": "PAL",
    "Dendy": "Dendy",
    "8:7 PAR": "8:7 PAR",
    "4:3": "4:3",
    "Low": "Niedrig",
    "High": "Hoch",
    "Very High": "Sehr hoch",
    "None": "Keiner",
    "Player 1": "Spieler 1",
    "Player 2": "Spieler 2",
    "Both": "Beide",
    "SAVED STATE TO SLOT": "STATUS IN SLOT SPEICHERN",
    "LOADED STATE FROM SLOT": "STATUS VON SLOT GELADEN",
    "SET SAVE STATE SLOT TO": "SPEICHERPLATZ ÄNDERN",
    "Network Error": "Netzwerkfehler",
    "Submit": "Abschicken",
    "Description": "Beschreibung",
    "Code": "Code",
    "Add Cheat Code": "Cheat-Code hinzufügen",
    "Leave Room": "Raum verlassen",
    "Password": "Passwort",
    "Password (optional)": "Passwort (optional)",
    "Max Players": "Maximale Spieleranzahl",
    "Room Name": "Raumname",
    "Join": "Beitreten",
    "Player Name": "Spielername",
    "Set Player Name": "Spielernamen festlegen",
    "Left Handed Mode": "Linkshänder-Modus",
    "Virtual Gamepad": "Virtuelles Gamepad",
    "Disk": "Scheibe",
    "Press Keyboard": "Taste drücken",
    "INSERT COIN": "MÜNZE EINWERFEN",
    "Remove": "Entfernen",
    "LOADED STATE FROM BROWSER": "GELADENER STATUS VOM BROWSER",
    "SAVED STATE TO BROWSER": "STATUS IM BROWSER GESPEICHERT",
    "Join the discord": "Treten Sie dem Discord bei",
    "View on GitHub": "Auf GitHub ansehen",
    "Failed to start game": "Das Spiel konnte nicht gestartet werden",
    "Download Game BIOS": "Spiel-BIOS herunterladen",
    "Decompress Game BIOS": "Spiel-BIOS entpacken",
    "Download Game Parent": "Game Parent herunterladen",
    "Decompress Game Parent": "Game Parent entpacken",
    "Download Game Patch": "Spiel-Patch herunterladen",
    "Decompress Game Patch": "Spiel-Patch entpacken",
    "Download Game State": "Spielstatus herunterladen",
    "Check console": "Überprüfen Sie die Konsole",
    "Error for site owner": "Fehler für Websitebesitzer",
    "EmulatorJS": "EmulatorJS",
    "Clear All": "Alles löschen",
    "Take Screenshot": "Screenshot aufnehmen",
    "Quick Save": "Schnellspeichern",
    "Quick Load": "Schnell laden",
    "REWIND": "ZURÜCKSPULEN",
    "Rewind Enabled (requires restart)": "Zurückspulen aktiviert (Neustart erforderlich)",
    "Rewind Granularity": "Zurückspulgeschwindigkeit",
    "Slow Motion Ratio": "Zeitlupengeschwindigkeit",
    "Slow Motion": "Zeitlupe",
    "Home": "Zurück",
    "EmulatorJS License": "EmulatorJS-Lizenz",
    "RetroArch License": "RetroArch-Lizenz",
    "SLOW MOTION": "ZEITLUPE",
    "A": "A",
    "B": "B",
    "SELECT": "SELECT",
    "START": "START",
    "UP": "HOCH",
    "DOWN": "RUNTER",
    "LEFT": "LINKS",
    "RIGHT": "RECHTS",
    "X": "X",
    "Y": "Y",
    "L": "L",
    "R": "R",
    "Z": "Z",
    "STICK UP": "STICK NACH OBEN",
    "STICK DOWN": "STICK NOCH UNTEN",
    "STICK LEFT": "STICK LINKS",
    "STICK RIGHT": "STICK RECHTS",
    "C-PAD UP": "C-PAD HOCH",
    "C-PAD DOWN": "C-PAD RUNTER",
    "C-PAD LEFT": "C-PAD LINKS",
    "C-PAD RIGHT": "C-PAD RECHTS",
    "MICROPHONE": "MIKROFON",
    "BUTTON 1 / START": "TASTE 1 / START",
    "BUTTON 2": "TASTE 2",
    "BUTTON": "TASTE",
    "LEFT D-PAD UP": "LINKES D-PAD NACH OBEN",
    "LEFT D-PAD DOWN": "LINKES D-PAD NACH UNTEN",
    "LEFT D-PAD LEFT": "LINKES D-PAD LINKS",
    "LEFT D-PAD RIGHT": "LINKES D-PAD RECHTS",
    "RIGHT D-PAD UP": "RECHTES D-PAD NACH OBEN",
    "RIGHT D-PAD DOWN": "RECHTES D-PAD NACH UNTEN",
    "RIGHT D-PAD LEFT": "RECHTES D-PAD LINKS",
    "RIGHT D-PAD RIGHT": "RECHTES D-PAD RECHTS",
    "C": "C",
    "MODE": "MODUS",
    "FIRE": "FEUER",
    "RESET": "ZURÜCKSETZEN",
    "LEFT DIFFICULTY A": "SCHWIERIGKEIT LINKS A",
    "LEFT DIFFICULTY B": "SCHWIERIGKEIT LINKS B",
    "RIGHT DIFFICULTY A": "RECHTER SCHWIERIGKEIT A",
    "RIGHT DIFFICULTY B": "RECHTER SCHWIERIGKEIT B",
    "COLOR": "FARBE",
    "B/W": "S/W",
    "PAUSE": "PAUSE",
    "OPTION": "EINSTELLUNGEN",
    "OPTION 1": "OPTION 1",
    "OPTION 2": "OPTION 2",
    "L2": "L2",
    "R2": "R2",
    "L3": "L3",
    "R3": "R3",
    "L STICK UP": "L STICK NACH OBEN",
    "L STICK DOWN": "L STICK NACH UNTEN",
    "L STICK LEFT": "L STICK LINKS",
    "L STICK RIGHT": "L STICK RECHTS",
    "R STICK UP": "R STICK NACH OBEN",
    "R STICK DOWN": "R STICK NACH UNTEN",
    "R STICK LEFT": "R STICK LINKS",
    "R STICK RIGHT": "R STICK RECHTS",
    "Start": "Start",
    "Select": "Select",
    "Fast": "Schnell",
    "Slow": "Langsam",
    "a": "a",
    "b": "b",
    "c": "c",
    "d": "d",
    "e": "e",
    "f": "F",
    "g": "g",
    "h": "h",
    "i": "i",
    "j": "J",
    "k": "k",
    "l": "l",
    "m": "m",
    "n": "n",
    "o": "o",
    "p": "p",
    "q": "q",
    "r": "r",
    "s": "s",
    "t": "t",
    "u": "u",
    "v": "v",
    "w": "w",
    "x": "x",
    "y": "y",
    "z": "z",
    "enter": "ENTER",
    "escape": "ESC",
    "space": "Leertaste",
    "tab": "Tab",
    "backspace": "Rücktaste",
    "delete": "ENTF",
    "arrowup": "Pfeil nach oben",
    "arrowdown": "Pfeil nach unten",
    "arrowleft": "Pfeil nach links",
    "arrowright": "Pfeil nach rechts",
    "f1": "F1",
    "f2": "F2",
    "f3": "F3",
    "f4": "F4",
    "f5": "F5",
    "f6": "F6",
    "f7": "F7",
    "f8": "F8",
    "f9": "F9",
    "f10": "F10",
    "f11": "F11",
    "f12": "F12",
    "shift": "Shift",
    "control": "strg",
    "alt": "alt",
    "meta": "Meta",
    "capslock": "capslock",
    "insert": "einf",
    "home": "pos1",
    "end": "ende",
    "pageup": "bild hoch",
    "pagedown": "bild runter",
    "!": "!",
    "@": "@",
    "#": "#",
    "$": "$",
    "%": "%",
    "^": "^",
    "&": "&",
    "*": "*",
    "(": "(",
    ")": ")",
    "-": "-",
    "_": "_",
    "+": "+",
    "=": "=",
    "[": "[",
    "]": "]",
    "{": "{",
    "}": "}",
    ";": ";",
    ":": ":",
    "'": "'",
    "\"": "\"",
    ",": ",",
    ".": ".",
    "<": "<",
    ">": ">",
    "/": "/",
    "?": "?",
    "LEFT_STICK_X": "LEFT_STICK_X",
    "LEFT_STICK_Y": "LEFT_STICK_Y",
    "RIGHT_STICK_X": "RIGHT_STICK_X",
    "RIGHT_STICK_Y": "RIGHT_STICK_Y",
    "LEFT_TRIGGER": "LINKER TRIGGER",
    "RIGHT_TRIGGER": "RIGHT_TRIGGER",
    "A_BUTTON": "A_BUTTON",
    "B_BUTTON": "B_BUTTON",
    "X_BUTTON": "X_BUTTON",
    "Y_BUTTON": "Y_BUTTON",
    "START_BUTTON": "START",
    "SELECT_BUTTON": "SELECT",
    "L1_BUTTON": "L1_BUTTON",
    "R1_BUTTON": "R1_BUTTON",
    "L2_BUTTON": "L2_BUTTON",
    "R2_BUTTON": "R2_BUTTON",
    "LEFT_THUMB_BUTTON": "LEFT_THUMB_BUTTON",
    "RIGHT_THUMB_BUTTON": "RIGHT_THUMB_BUTTON",
    "DPAD_UP": "DPAD_UP",
    "DPAD_DOWN": "DPAD_DOWN",
    "DPAD_LEFT": "DPAD_LEFT",
    "DPAD_RIGHT": "DPAD_RIGHT"
}
