{
  "0": "0",
  "1": "1",
  "2": "2",
  "3": "3",
  "4": "4",
  "5": "5",
  "6": "6",
  "7": "7",
  "8": "8",
  "9": "9",
  "Restart": "راه اندازی مجدد",
  "Pause": "مکث",
  "Play": "بازی کردن",
  "Save State": "ذخیره حالت",
  "Load State": "بارگذاری حالت",
  "Control Settings": "تنظیمات کنترل",
  "Cheats": "تقلب ها",
  "Cache Manager": "مدیریت کش",
  "Export Save File": "صادر کردن یا ذخیره فایل",
  "Import Save File": " وارد کردن فایل ذخیره شده",
  "Netplay": "نت پلی",
  "Mute": "بی صدا",
  "Unmute": "باصدا کردن",
  "Settings": "تنظیمات",
  "Enter Fullscreen": "حالت تمام ضفحه",
  "Exit Fullscreen": "خارج شدن از حالت تمام صفحه",
  "Context Menu": "منوی زمینه",
  "Reset": "بازنشانی کردن",
  "Clear": "پاک کردن",
  "Close": "بستن",
  "QUICK SAVE STATE": "ذخیره سریع حالت",
  "QUICK LOAD STATE": "بارگذاری سریع حالت",
  "CHANGE STATE SLOT": "تغییر وضعیت اسلات",
  "FAST FORWARD": "سریع به جلو",
  "Player": "بازیکن",
  "Connected Gamepad": "گیم پد وصل شده",
  "Gamepad": "گیم پد",
  "Keyboard": "صفحه کلید",
  "Set": "تنظیم کنید",
  "Add Cheat": "تقلب را اضافه کنید",
  "Note that some cheats require a restart to disable": "توجه داشته باشید که برخی از تقلب ها برای غیرفعال کردن نیاز به راه اندازی مجدد دارند",
  "Create a Room": "یک اتاق ایجاد کنید",
  "Rooms": "اتاق ها",
  "Start Game": "شروع بازی",
  "Click to resume Emulator": "برای از سرگیری شبیه ساز کلیک کنید",
  "Drop save state here to load": "حالت ذخیره را برای بارگیری اینجا رها کنید",
  "Loading...": "در حال بارگیری...",
  "Download Game Core": "دانلود بازی هسته",
  "Outdated graphics driver": "درایور گرافیک قدیمی",
  "Decompress Game Core": "هسته بازی را از حالت فشرده خارج کنید",
  "Download Game Data": "دانلود دیتای بازی",
  "Decompress Game Data": "دیتا های بازی را از حالت فشرده خارج کنید",
  "Shaders": "سایه بان ها",
  "Disabled": "از کار افتاده است",
  "2xScaleHQ": "مقیاس دوبرابر کیفیت بالا",
  "4xScaleHQ": "مقیاس ۴ برابر کیفیت بالا",
  "CRT easymode": "CRT حالت آسان",
  "CRT aperture": "دیافراگم CRT",
  "CRT geom": "ژئوم CRT",
  "CRT mattias": "CRT ماتیاس",
  "FPS": "FPS",
  "show": "نشان دادن",
  "hide": "پنهان کردن",
  "Fast Forward Ratio": "نسبت سریع به جلو",
  "Fast Forward": "سریع به جلو",
  "Enabled": "فعال شد",
  "Save State Slot": "ذخیره حالت اسلات ",
  "Save State Location": "ذخیره موقعیت حالت",
  "Download": "دانلود کردن",
  "Keep in Browser": "نگه داشتن در مرورگر",
  "Auto": "خودکار",
  "NTSC": "NTSC",
  "PAL": "PAL",
  "Dendy": "Dendy",
  "8:7 PAR": "8:7 PAR",
  "4:3": "4:3",
  "Low": "کم",
  "High": "بالا",
  "Very High": "بسیار بالا",
  "None": "هیچ کدام",
  "Player 1": "بازیکن 1",
  "Player 2": "بازیکن 2",
  "Both": "هر دو",
  "SAVED STATE TO SLOT": "حالت ذخیره شده در اسلات",
  "LOADED STATE FROM SLOT": "حالت لود شده از اسلات",
  "SET SAVE STATE SLOT TO": "تنظیم کردن اسلات حالت ذخیره به",
  "Network Error": "خطای شبکه",
  "Submit": "ارسال کردن",
  "Description": "توضیحات",
  "Code": "کد",
  "Add Cheat Code": "کد تقلب را اضافه کنید",
  "Leave Room": "ترک کردن اتاق",
  "Password": "رمز عبور",
  "Password (optional)": "رمز عبور (اختیاری)",
  "Max Players": "حداکثر بازیکنان",
  "Room Name": "نام اتاق",
  "Join": "پیوستن",
  "Player Name": "نام بازیکن",
  "Set Player Name": "نام بازیکن را تنظیم کنید",
  "Left Handed Mode": "حالت چپ دست",
  "Virtual Gamepad": "گیم پد مجازی",
  "Disk": "دیسک",
  "Press Keyboard": "صفحه کلید را فشار دهید",
  "INSERT COIN": "سکه درج کنید",
  "Remove": "حذف کردن",
  "LOADED STATE FROM BROWSER": "وضعیت بارگیری شده از مرورگر",
  "SAVED STATE TO BROWSER": "وضعیت در مرورگر ذخیره شد",
  "Join the discord": "به دیسکورد discord بپیوندید",
  "View on GitHub": "در GitHub مشاهده کنید",
  "Failed to start game": "شروع بازی ناموفق بود",
  "Download Game BIOS": "دانلود بایوس بازی",
  "Decompress Game BIOS": "بایوس بازی را از حالت فشرده خارج کنید",
  "Download Game Parent": "دانلود بازی پدر و مادر",
  "Decompress Game Parent": "والد بازی را از حالت فشرده خارج کنید",
  "Download Game Patch": "پچ بازی را دانلود کنید",
  "Decompress Game Patch": "پچ بازی را از حالت فشرده خارج کنید",
  "Download Game State": "وضعیت بازی را دانلود کنید",
  "Check console": "کنسول را چک کنید",
  "Error for site owner": "خطا برای صاحب سایت",
  "EmulatorJS": "EmulatorJS",
  "Clear All": "پاک کردن همه",
  "Take Screenshot": "اسکرین شات بگیرید",
  "Start Screen Recording": "شروع ضبط صفحه",
  "Stop Screen Recording": "ضبط صفحه را متوقف کنید",
  "Quick Save": "ذخیره سریع",
  "Quick Load": "بارگذاری سریع",
  "REWIND": "عقب",
  "Rewind Enabled (requires restart)": "Rewind فعال شد (نیاز به راه اندازی مجدد)",
  "Rewind Granularity": "دانه بندی به عقب",
  "Slow Motion Ratio": "نسبت حرکت آهسته",
  "Slow Motion": "حرکت آهسته",
  "Home": "صفحه اصلی",
  "EmulatorJS License": "مجوز EmulatorJS",
  "RetroArch License": "مجوز RetroArch",
  "This project is powered by": "این پروژه توسط",
  "View the RetroArch license here": "مجوز RetroArch را اینجا ببینید",
  "SLOW MOTION": "حرکت آهسته",
  "A": "A",
  "B": "B",
  "SELECT": "انتخاب کردن",
  "START": "شروع کردن",
  "UP": "بالا",
  "DOWN": "پایین",
  "LEFT": "چپ",
  "RIGHT": "راست",
  "X": "X",
  "Y": "Y",
  "L": "L",
  "R": "R",
  "Z": "Z",
  "STICK UP": "به بالا بچسب",
  "STICK DOWN": "به پایین بچسب",
  "STICK LEFT": "به سمت چپ بچسبید",
  "STICK RIGHT": "به راست بچسب",
  "C-PAD UP": "C-PAD بالا",
  "C-PAD DOWN": "C-PAD پایین",
  "C-PAD LEFT": "C-PAD سمت چپ",
  "C-PAD RIGHT": "C-PAD راست",
  "MICROPHONE": "میکروفون",
  "BUTTON 1 / START": "دکمه 1 / شروع",
  "BUTTON 2": "دکمه 2",
  "BUTTON": "دکمه",
  "LEFT D-PAD UP": "دی پد سمت چپ به بالا",
  "LEFT D-PAD DOWN": "دی پد سمت چپ به پایین",
  "LEFT D-PAD LEFT": "دی پد سمت چپ به چپ",
  "LEFT D-PAD RIGHT": "دی پد سمت چپ به راست",
  "RIGHT D-PAD UP": "دی پد سمت راست به بالا",
  "RIGHT D-PAD DOWN": "دی پد سمت راست به پایین",
  "RIGHT D-PAD LEFT": "دی پد  سمت راست به چپ",
  "RIGHT D-PAD RIGHT": "دی پد سمت راست به راست",
  "C": "C",
  "MODE": "حالت",
  "FIRE": "آتش",
  "RESET": "تنظیم مجدد",
  "LEFT DIFFICULTY A": "سختی چپ A",
  "LEFT DIFFICULTY B": "سختی چپ B",
  "RIGHT DIFFICULTY A": "سختی راست A",
  "RIGHT DIFFICULTY B": "سختی راست B",
  "COLOR": "رنگ",
  "B/W": "سیاه سفید",
  "PAUSE": "مکث",
  "OPTION": "گزینه",
  "OPTION 1": "گزینه 1",
  "OPTION 2": "گزینه 2",
  "L2": "L2",
  "R2": "R2",
  "L3": "L3",
  "R3": "R3",
  "L STICK UP": "L استیک بالا",
  "L STICK DOWN": "L استیک پایین",
  "L STICK LEFT": "L استیک چپ",
  "L STICK RIGHT": "L استیک راست",
  "R STICK UP": "R  استیک بالا",
  "R STICK DOWN": "R استیک پایین",
  "R STICK LEFT": "R استیک چپ",
  "R STICK RIGHT": "R استیک راست",
  "Start": "شروع کنید",
  "Select": "انتخاب کنید",
  "Fast": "سریع",
  "Slow": "آهسته",
  "a": "a",
  "b": "b",
  "c": "c",
  "d": "d",
  "e": "e",
  "f": "f",
  "g": "g",
  "h": "h",
  "i": "i",
  "j": "j",
  "k": "k",
  "l": "l",
  "m": "m",
  "n": "n",
  "o": "o",
  "p": "p",
  "q": "q",
  "r": "r",
  "s": "s",
  "t": "t",
  "u": "u",
  "v": "v",
  "w": "w",
  "x": "x",
  "y": "y",
  "z": "z",
  "enter": "وارد شدن",
  "escape": "Escape",
  "space": "فاصله",
  "tab": "tab",
  "backspace": "بک اسپیس",
  "delete": "حذف کنید",
  "arrowup": "فلش رو به بالا",
  "arrowdown": "فلش رو به پایین",
  "arrowleft": "فلش  به چپ",
  "arrowright": "فلش به راست",
  "f1": "f1",
  "f2": "f2",
  "f3": "f3",
  "f4": "f4",
  "f5": "f5",
  "f6": "f6",
  "f7": "f7",
  "f8": "f8",
  "f9": "f9",
  "f10": "f10",
  "f11": "f11",
  "f12": "f12",
  "shift": "shift شیفت",
  "control": "کنترل ctrl",
  "alt": "alt",
  "meta": "meta",
  "capslock": "کپس لاک",
  "insert": "اینزرت insert",
  "home": "home",
  "end": "end",
  "pageup": "Page up",
  "pagedown": "Page down",
  "!": "!",
  "@": "@",
  "#": "#",
  "$": "$",
  "%": "%",
  "^": "^",
  "&": "&",
  "*": "*",
  "(": "(",
  ")": ")",
  "-": "-",
  "_": "_",
  "+": "+",
  "=": "=",
  "[": "[",
  "]": "]",
  "{": "{",
  "}": "}",
  ";": ";",
  ":": ":",
  "'": "'",
  "\"": "\"",
  ",": "،",
  ".": ".",
  "<": "<",
  ">": ">",
  "/": "/",
  "?": "?",
  "LEFT_STICK_X": "استیک چپ X",
  "LEFT_STICK_Y": "استیک چپ Y",
  "RIGHT_STICK_X": "استیک راست X",
  "RIGHT_STICK_Y": "استیک راست Y",
  "LEFT_TRIGGER": "تریگر سمت چپ",
  "RIGHT_TRIGGER": "تریگر سمت راست",
  "A_BUTTON": "A دکمه",
  "B_BUTTON": "دکمه B",
  "X_BUTTON": "X دکمه ",
  "Y_BUTTON": "دکمه Y",
  "START_BUTTON": "دکمه شروع",
  "SELECT_BUTTON": "دکمه انتخاب",
  "L1_BUTTON": "L1 دکمه",
  "R1_BUTTON": "R1دکمه ",
  "L2_BUTTON": "L2دکمه",
  "R2_BUTTON": "R2 دکمه",
  "LEFT_THUMB_BUTTON": "دکمه شصت جپ",
  "RIGHT_THUMB_BUTTON": "دکمه شصت راست",
  "DPAD_UP": "دی پد بالا",
  "DPAD_DOWN": "دی پد پایین",
  "DPAD_LEFT": "دی پد چپ",
  "DPAD_RIGHT": "دی پد راست"
}
