{
    "0": "0",
    "1": "1",
    "2": "2",
    "3": "3",
    "4": "4",
    "5": "5",
    "6": "6",
    "7": "7",
    "8": "8",
    "9": "9",
    "Restart": "Baleni meneh",
    "Pause": "ngaso",
    "Play": "Dolanan",
    "Save State": "Simpen Negara",
    "Load State": "Status beban",
    "Control Settings": "Setelan Kontrol",
    "Cheats": "Cidra",
    "Cache Manager": "Cache Manager",
    "Export Save File": "Ekspor Simpen File",
    "Import Save File": "Ngimpor Simpen File",
    "Netplay": "Netplay",
    "Mute": "bisu",
    "Unmute": "Unmute",
    "Settings": "Setelan",
    "Enter Fullscreen": "Ketik Fullscreen",
    "Exit Fullscreen": "Metu Fullscreen",
    "Reset": "Reset",
    "Clear": "Cetha",
    "Close": "Nutup",
    "QUICK SAVE STATE": "CEPAT SAVE STATE",
    "QUICK LOAD STATE": "STATE LOAD CEPAT",
    "CHANGE STATE SLOT": "GANTI STATE slot",
    "FAST FORWARD": "CEPAT MAJU",
    "Player": "Pamuter",
    "Connected Gamepad": "Gamepad sing disambungake",
    "Gamepad": "Gamepad",
    "Keyboard": "Papan ketik",
    "Set": "Set",
    "Add Cheat": "Tambah Ngapusi",
    "Create a Room": "Nggawe Kamar",
    "Rooms": "kamar",
    "Start Game": "Miwiti Game",
    "Loading...": "Loading...",
    "Download Game Core": "Unduh Game Core",
    "Decompress Game Core": "Decompress Game Core",
    "Download Game Data": "Unduh Data Game",
    "Decompress Game Data": "Decompress Game Data",
    "Shaders": "Shaders",
    "Disabled": "dipatèni",
    "2xScaleHQ": "2xSkalaHQ",
    "4xScaleHQ": "4xSkalaHQ",
    "CRT easymode": "Mode gampang CRT",
    "CRT aperture": "bukaan CRT",
    "CRT geom": "CRT geom",
    "CRT mattias": "CRT mattias",
    "FPS": "FPS",
    "show": "nuduhake",
    "hide": "ndhelikake",
    "Fast Forward Ratio": "Rasio Maju Cepet",
    "Fast Forward": "Cepet Maju",
    "Enabled": "diaktifake",
    "Save State Slot": "Simpen State Slot",
    "Save State Location": "Simpen Lokasi Negara",
    "Download": "Ngundhuh",
    "Keep in Browser": "Simpen ing Browser",
    "Auto": "Auto",
    "NTSC": "NTSC",
    "PAL": "PAL",
    "Dendy": "Dendy",
    "8:7 PAR": "8:7 PAR",
    "4:3": "4:3",
    "Low": "kurang",
    "High": "dhuwur",
    "Very High": "Dhuwur banget",
    "None": "ora ana",
    "Player 1": "Pamuter 1",
    "Player 2": "Pamuter 2",
    "Both": "loro-lorone",
    "SAVED STATE TO SLOT": "STATE disimpen kanggo slot",
    "LOADED STATE FROM SLOT": "STATE dimuat saka slot",
    "SET SAVE STATE SLOT TO": "SET Simpen STATE slot TO",
    "Network Error": "Kesalahan Jaringan",
    "Submit": "Kirimake",
    "Description": "Katrangan",
    "Code": "Kode",
    "Add Cheat Code": "Tambah Kode Ngapusi",
    "Leave Room": "Ninggalake Kamar",
    "Password": "Sandi",
    "Password (optional)": "Sandi (opsional)",
    "Max Players": "Pemain Max",
    "Room Name": "Jeneng Kamar",
    "Join": "gabung",
    "Player Name": "Jeneng Pamuter",
    "Set Player Name": "Setel Jeneng Player",
    "Left Handed Mode": "Mode Tangan Kiri",
    "Virtual Gamepad": "Gamepad virtual",
    "Disk": "Disk",
    "Press Keyboard": "Pencet Keyboard",
    "INSERT COIN": "INSERT COIN",
    "Remove": "Mbusak",
    "LOADED STATE FROM BROWSER": "NEGARA YANG DIMUAT DARI BROWSER",
    "SAVED STATE TO BROWSER": "NEGARA TERSIMPAN KE BROWSER",
    "Join the discord": "Melu discord",
    "View on GitHub": "Deleng ing GitHub",
    "Failed to start game": "Gagal miwiti game",
    "Download Game BIOS": "Unduh Game BIOS",
    "Decompress Game BIOS": "Decompress Game BIOS",
    "Download Game Parent": "Unduh Game Parent",
    "Decompress Game Parent": "Decompress Game Induk",
    "Download Game Patch": "Unduh Game Patch",
    "Decompress Game Patch": "Decompress Game Patch",
    "Download Game State": "Unduh Game State",
    "Check console": "Priksa konsol",
    "Error for site owner": "Kesalahan kanggo pemilik situs",
    "EmulatorJS": "EmulatorJS",
    "Clear All": "Busek kabeh",
    "Take Screenshot": "Njupuk Screenshot",
    "Quick Save": "Cepet Simpen",
    "Quick Load": "Muat cepet",
    "REWIND": "REWIND",
    "Rewind Enabled (requires restart)": "Rewind Enabled (mbutuhake urip maneh)",
    "Rewind Granularity": "Rewind Granularity",
    "Slow Motion Ratio": "Rasio Slow Motion",
    "Slow Motion": "Gerakan alon",
    "Home": "Ngarep",
    "EmulatorJS License": "Lisensi EmulatorJS",
    "RetroArch License": "Lisensi RetroArch",
    "SLOW MOTION": "GERAKAN ALON",
    "A": "A",
    "B": "B",
    "SELECT": "PILIH",
    "START": "MULAI",
    "UP": "UP",
    "DOWN": "TURUN",
    "LEFT": "KIRI",
    "RIGHT": "TETEP",
    "X": "X",
    "Y": "Y",
    "L": "L",
    "R": "R",
    "Z": "Z",
    "STICK UP": "TETEP",
    "STICK DOWN": "TETEP",
    "STICK LEFT": "STIK KIRI",
    "STICK RIGHT": "TETEP KANAN",
    "C-PAD UP": "C-PAD UP",
    "C-PAD DOWN": "C-PAD TURUN",
    "C-PAD LEFT": "C-PAD ngiwa",
    "C-PAD RIGHT": "C-PAD KANAN",
    "MICROPHONE": "MIKROFON",
    "BUTTON 1 / START": "TOMBOL 1 / MULAI",
    "BUTTON 2": "TOMBOL 2",
    "BUTTON": "TOMBOL",
    "LEFT D-PAD UP": "Ngiwa D-PAD UP",
    "LEFT D-PAD DOWN": "Ngiwa D-PAD mudhun",
    "LEFT D-PAD LEFT": "KIRI D-PAD KIRI",
    "LEFT D-PAD RIGHT": "KIRI D-PAD TEngen",
    "RIGHT D-PAD UP": "TEngen D-PAD UP",
    "RIGHT D-PAD DOWN": "TEngen D-PAD mudhun",
    "RIGHT D-PAD LEFT": "TEngen D-PAD ngiwa",
    "RIGHT D-PAD RIGHT": "TEngen D-PAD TEngen",
    "C": "C",
    "MODE": "MODE",
    "FIRE": "KEBURU",
    "RESET": "RESET",
    "LEFT DIFFICULTY A": "KESULITAN KIRI A",
    "LEFT DIFFICULTY B": "KESULITAN KIRIB",
    "RIGHT DIFFICULTY A": "KESULITAN TEPAT A",
    "RIGHT DIFFICULTY B": "KESULITAN B",
    "COLOR": "WARNA",
    "B/W": "B/W",
    "PAUSE": "ngaso",
    "OPTION": "PILIHAN",
    "OPTION 1": "PILIHAN 1",
    "OPTION 2": "PILIHAN 2",
    "L2": "L2",
    "R2": "R2",
    "L3": "L3",
    "R3": "R3",
    "L STICK UP": "L LANGGENG",
    "L STICK DOWN": "L TETEP",
    "L STICK LEFT": "L STIK KIRI",
    "L STICK RIGHT": "L TEKAN KANGEN",
    "R STICK UP": "R TETEP",
    "R STICK DOWN": "R TETEP",
    "R STICK LEFT": "R STICK ngiwa",
    "R STICK RIGHT": "R STIKES TEngen",
    "Start": "Miwiti",
    "Select": "Pilih",
    "Fast": "Cepet",
    "Slow": "alon-alon",
    "a": "a",
    "b": "b",
    "c": "c",
    "d": "d",
    "e": "e",
    "f": "f",
    "g": "g",
    "h": "h",
    "i": "i",
    "j": "j",
    "k": "k",
    "l": "l",
    "m": "m",
    "n": "n",
    "o": "o",
    "p": "p",
    "q": "q",
    "r": "r",
    "s": "s",
    "t": "t",
    "u": "u",
    "v": "v",
    "w": "w",
    "x": "x",
    "y": "y",
    "z": "z",
    "enter": "mlebu",
    "escape": "uwal",
    "space": "panggonan",
    "tab": "tab",
    "backspace": "backspace",
    "delete": "mbusak",
    "arrowup": "panahan",
    "arrowdown": "panah mudhun",
    "arrowleft": "panah ngiwa",
    "arrowright": "panah tengen",
    "f1": "f1",
    "f2": "f2",
    "f3": "f3",
    "f4": "f4",
    "f5": "f5",
    "f6": "f6",
    "f7": "f7",
    "f8": "f8",
    "f9": "f9",
    "f10": "f10",
    "f11": "f11",
    "f12": "f12",
    "shift": "ngalih",
    "control": "kontrol",
    "alt": "alt",
    "meta": "meta",
    "capslock": "capslock",
    "insert": "nglebokake",
    "home": "ngarep",
    "end": "pungkasan",
    "pageup": "pageup",
    "pagedown": "pagedown",
    "!": "!",
    "@": "@",
    "#": "#",
    "$": "$",
    "%": "%",
    "^": "^",
    "&": "&",
    "*": "*",
    "(": "(",
    ")": ")",
    "-": "-",
    "_": "_",
    "+": "+",
    "=": "=",
    "[": "[",
    "]": "]",
    "{": "{",
    "}": "}",
    ";": ";",
    ":": ":",
    "'": "'",
    "\"": "\"",
    ",": ",",
    ".": ".",
    "<": "<",
    ">": ">",
    "/": "/",
    "?": "?",
    "LEFT_STICK_X": "LEFT_STICK_X",
    "LEFT_STICK_Y": "LEFT_STICK_Y",
    "RIGHT_STICK_X": "RIGHT_STICK_X",
    "RIGHT_STICK_Y": "RIGHT_STICK_Y",
    "LEFT_TRIGGER": "LEFT_TRIGGER",
    "RIGHT_TRIGGER": "RIGHT_TRIGGER",
    "A_BUTTON": "A_BUTTON",
    "B_BUTTON": "B_BUTTON",
    "X_BUTTON": "X_BUTTON",
    "Y_BUTTON": "Y_BUTTON",
    "START_BUTTON": "START_BUTTON",
    "SELECT_BUTTON": "SELECT_BUTTON",
    "L1_BUTTON": "L1_TOMBOL",
    "R1_BUTTON": "R1_TOMBOL",
    "L2_BUTTON": "L2_TOMBOL",
    "R2_BUTTON": "R2_BUTTON",
    "LEFT_THUMB_BUTTON": "TOMBOL_LEFT_THUMB_BUTTON",
    "RIGHT_THUMB_BUTTON": "RIGHT_THUMB_BUTTON",
    "DPAD_UP": "DPAD_UP",
    "DPAD_DOWN": "DPAD_DOWN",
    "DPAD_LEFT": "DPAD_LEFT",
    "DPAD_RIGHT": "DPAD_RIGHT"
}
