{
    "0": "0",
    "1": "1",
    "2": "2",
    "3": "3",
    "4": "4",
    "5": "5",
    "6": "6",
    "7": "7",
    "8": "8",
    "9": "9",
    "Restart": "Chạy lại",
    "Pause": "Tạm dừng",
    "Play": "Chơi",
    "Save State": "Lưu State",
    "Load State": "Nạp State",
    "Control Settings": "Cài đặt điều khiển",
    "Cheats": "Gian lận xíu",
    "Cache Manager": "Bộ nhớ đệm",
    "Export Save File": "Xuất tệp lưu",
    "Import Save File": "Nhập tệp lưu ",
    "Netplay": "Chơi qua mạng",
    "Mute": "Tắt âm",
    "Unmute": "Mở âm",
    "Settings": "Cài đặt",
    "Enter Fullscreen": "Toàn màn hình",
    "Exit Fullscreen": "Thoát toàn màn hình",
    "Context Menu": "Menu chuột phải",
    "Reset": "Đặt lại",
    "Clear": "Xoá",
    "Close": "Đóng",
    "QUICK SAVE STATE": "LƯU NHANH",
    "QUICK LOAD STATE": "NẠP NHANH",
    "CHANGE STATE SLOT": "ĐỔI NHANH",
    "FAST FORWARD": "TIẾN NHANH ",
    "Player": "Người chơi",
    "Connected Gamepad": "Bảng điều khiển đã kết nối",
    "Gamepad": "Bảng điều khiển ",
    "Keyboard": "Bàn phím",
    "Set": "Đặt",
    "Add Cheat": "Thêm mật mã",
    "Create a Room": "Tạo phòng",
    "Rooms": "Các phòng",
    "Start Game": "Bắt đầu chơi",
    "Loading...": "Đang nạp...",
    "Download Game Core": "Tải xuống nhân trò chơi",
    "Decompress Game Core": "Giải nén nhân trò chơi",
    "Download Game Data": "Tải xuống dữ liệu trò chơi",
    "Decompress Game Data": "Giải nén dữ liệu trò chơi ",
    "Shaders": "Shaders",
    "Disabled": "Vô hiệu",
    "2xScaleHQ": "2xScaleHQ",
    "4xScaleHQ": "4xScaleHQ",
    "CRT easymode": "CRT chế độ dễ",
    "CRT aperture": "CRT aperture",
    "CRT geom": "CRT geom",
    "CRT mattias": "CRT mattias",
    "FPS": "FPS",
    "show": "hiện",
    "hide": "ẩn",
    "Fast Forward Ratio": "Tỷ lệ tiến nhanh",
    "Fast Forward": "Tiến nhanh",
    "Enabled": "Cho phép",
    "Save State Slot": "Lưu trạng thái thẻ",
    "Save State Location": "Lưu trạng thái vị trí",
    "Download": "Tải về",
    "Keep in Browser": "Giữ ở trình duyệt",
    "Auto": "Auto",
    "NTSC": "NTSC",
    "PAL": "PAL",
    "Dendy": "Dendy",
    "8:7 PAR": "8:7 PAR",
    "4:3": "4:3",
    "Low": "Thấp",
    "High": "Cao",
    "Very High": "Rất cao",
    "None": "Không gì",
    "Player 1": "Game thủ 1",
    "Player 2": "Game thủ 2",
    "Both": "Cả hai",
    "SAVED STATE TO SLOT": "SAVED STATE TO SLOT",
    "LOADED STATE FROM SLOT": "LOADED STATE FROM SLOT",
    "SET SAVE STATE SLOT TO": "SET SAVE STATE SLOT TO",
    "Network Error": "Mạng bị lỗi",
    "Submit": "Gửi đi",
    "Description": "Mô tả",
    "Code": "Mã",
    "Add Cheat Code": "Thêm mã gian lận",
    "Leave Room": "Rời phòng",
    "Password": "Mật khẩu",
    "Password (optional)": "Mật khẩu (tùy chọn)",
    "Max Players": "Người chơi tối đa",
    "Room Name": "Tên phòng",
    "Join": "Tham gia",
    "Player Name": "Tên người chơi",
    "Set Player Name": "Đặt tên người chơi",
    "Left Handed Mode": "Chế độ tay trái",
    "Virtual Gamepad": "Bàn phím ảo",
    "Disk": "Đĩa",
    "Press Keyboard": "Bàn phím",
    "INSERT COIN": "THÊM XU",
    "Remove": "Loại bỏ",
    "LOADED STATE FROM BROWSER": "TRẠNG THÁI ĐÃ TẢI TỪ TRÌNH DUYỆT",
    "SAVED STATE TO BROWSER": "TRẠNG THÁI ĐÃ LƯU VÀO TRÌNH DUYỆT",
    "Join the discord": "Tham gia thảo luận",
    "View on GitHub": "Xem trên GitHub",
    "Failed to start game": "Thất bại khởi động game",
    "Download Game BIOS": "Tải Game BIOS",
    "Decompress Game BIOS": "Giải nén Game BIOS",
    "Download Game Parent": "Tải Game cha",
    "Decompress Game Parent": "Giải nén Game cha",
    "Download Game Patch": "Tải vá Game ",
    "Decompress Game Patch": "Giải nén Game vá",
    "Download Game State": "Tải trạng thái Game",
    "Check console": "Kiểm tra log console",
    "Error for site owner": "Lỗi sở hữu trang chủ",
    "EmulatorJS": "EmulatorJS",
    "Clear All": "Xóa hết",
    "Take Screenshot": "Chụp màn hình",
    "Quick Save": "Lưu nhanh",
    "Quick Load": "Nạp nhanh",
    "REWIND": "REWIND",
    "Rewind Enabled (requires restart)": "Cho phép quay lui (cần khởi động lại)",
    "Rewind Granularity": "Rewind Granularity",
    "Slow Motion Ratio": "Tỷ lệ chuyển động chậm",
    "Slow Motion": "chuyển động chậm",
    "Home": "Nhà",
    "EmulatorJS License": "Giấy phép EmulatorJS",
    "RetroArch License": "Giấy phép RetroArch ",
    "SLOW MOTION": "CHUYỂN ĐỘNG CHẬM",
    "A": "A",
    "B": "B",
    "SELECT": "SELECT",
    "START": "START",
    "UP": "UP",
    "DOWN": "DOWN",
    "LEFT": "LEFT",
    "RIGHT": "RIGHT",
    "X": "X",
    "Y": "Y",
    "L": "L",
    "R": "R",
    "Z": "Z",
    "STICK UP": "STICK UP",
    "STICK DOWN": "STICK DOWN",
    "STICK LEFT": "STICK LEFT",
    "STICK RIGHT": "STICK RIGHT",
    "C-PAD UP": "C-PAD UP",
    "C-PAD DOWN": "C-PAD DOWN",
    "C-PAD LEFT": "C-PAD LEFT",
    "C-PAD RIGHT": "C-PAD RIGHT",
    "MICROPHONE": "MICROPHONE",
    "BUTTON 1 / START": "BUTTON 1 / START",
    "BUTTON 2": "BUTTON 2",
    "BUTTON": "BUTTON",
    "LEFT D-PAD UP": "LEFT D-PAD UP",
    "LEFT D-PAD DOWN": "LEFT D-PAD DOWN",
    "LEFT D-PAD LEFT": "LEFT D-PAD LEFT",
    "LEFT D-PAD RIGHT": "LEFT D-PAD RIGHT",
    "RIGHT D-PAD UP": "RIGHT D-PAD UP",
    "RIGHT D-PAD DOWN": "RIGHT D-PAD DOWN",
    "RIGHT D-PAD LEFT": "RIGHT D-PAD LEFT",
    "RIGHT D-PAD RIGHT": "RIGHT D-PAD RIGHT",
    "C": "C",
    "MODE": "MODE",
    "FIRE": "FIRE",
    "RESET": "RESET",
    "LEFT DIFFICULTY A": "LEFT DIFFICULTY A",
    "LEFT DIFFICULTY B": "LEFT DIFFICULTY B",
    "RIGHT DIFFICULTY A": "RIGHT DIFFICULTY A",
    "RIGHT DIFFICULTY B": "RIGHT DIFFICULTY B",
    "COLOR": "COLOR",
    "B/W": "B/W",
    "PAUSE": "PAUSE",
    "OPTION": "OPTION",
    "OPTION 1": "OPTION 1",
    "OPTION 2": "OPTION 2",
    "L2": "L2",
    "R2": "R2",
    "L3": "L3",
    "R3": "R3",
    "L STICK UP": "L STICK UP",
    "L STICK DOWN": "L STICK DOWN",
    "L STICK LEFT": "L STICK LEFT",
    "L STICK RIGHT": "L STICK RIGHT",
    "R STICK UP": "R STICK UP",
    "R STICK DOWN": "R STICK DOWN",
    "R STICK LEFT": "R STICK LEFT",
    "R STICK RIGHT": "R STICK RIGHT",
    "Start": "Start",
    "Select": "Select",
    "Fast": "Fast",
    "Slow": "Slow",
    "a": "a",
    "b": "b",
    "c": "c",
    "d": "d",
    "e": "e",
    "f": "f",
    "g": "g",
    "h": "h",
    "i": "i",
    "j": "j",
    "k": "k",
    "l": "l",
    "m": "m",
    "n": "n",
    "o": "o",
    "p": "p",
    "q": "q",
    "r": "r",
    "s": "s",
    "t": "t",
    "u": "u",
    "v": "v",
    "w": "w",
    "x": "x",
    "y": "y",
    "z": "z",
    "enter": "enter",
    "escape": "escape",
    "space": "space",
    "tab": "tab",
    "backspace": "backspace",
    "delete": "delete",
    "arrowup": "arrowup",
    "arrowdown": "arrowdown",
    "arrowleft": "arrowleft",
    "arrowright": "arrowright",
    "f1": "f1",
    "f2": "f2",
    "f3": "f3",
    "f4": "f4",
    "f5": "f5",
    "f6": "f6",
    "f7": "f7",
    "f8": "f8",
    "f9": "f9",
    "f10": "f10",
    "f11": "f11",
    "f12": "f12",
    "shift": "shift",
    "control": "control",
    "alt": "alt",
    "meta": "meta",
    "capslock": "capslock",
    "insert": "insert",
    "home": "home",
    "end": "end",
    "pageup": "pageup",
    "pagedown": "pagedown",
    "!": "!",
    "@": "@",
    "#": "#",
    "$": "$",
    "%": "%",
    "^": "^",
    "&": "&",
    "*": "*",
    "(": "(",
    ")": ")",
    "-": "-",
    "_": "_",
    "+": "+",
    "=": "=",
    "[": "[",
    "]": "]",
    "{": "{",
    "}": "}",
    ";": ";",
    ":": ":",
    "'": "'",
    "\"": "\"",
    ",": ",",
    ".": ".",
    "<": "<",
    ">": ">",
    "/": "/",
    "?": "?",
    "LEFT_STICK_X": "LEFT_STICK_X",
    "LEFT_STICK_Y": "LEFT_STICK_Y",
    "RIGHT_STICK_X": "RIGHT_STICK_X",
    "RIGHT_STICK_Y": "RIGHT_STICK_Y",
    "LEFT_TRIGGER": "LEFT_TRIGGER",
    "RIGHT_TRIGGER": "RIGHT_TRIGGER",
    "A_BUTTON": "A_BUTTON",
    "B_BUTTON": "B_BUTTON",
    "X_BUTTON": "X_BUTTON",
    "Y_BUTTON": "Y_BUTTON",
    "START_BUTTON": "START_BUTTON",
    "SELECT_BUTTON": "SELECT_BUTTON",
    "L1_BUTTON": "L1_BUTTON",
    "R1_BUTTON": "R1_BUTTON",
    "L2_BUTTON": "L2_BUTTON",
    "R2_BUTTON": "R2_BUTTON",
    "LEFT_THUMB_BUTTON": "LEFT_THUMB_BUTTON",
    "RIGHT_THUMB_BUTTON": "RIGHT_THUMB_BUTTON",
    "DPAD_UP": "DPAD_UP",
    "DPAD_DOWN": "DPAD_DOWN",
    "DPAD_LEFT": "DPAD_LEFT",
    "DPAD_RIGHT": "DPAD_RIGHT"
}
